143753train
Annotation for intention:

Social: forwarding emails from/about women in business

Annotation for control:
Sandra F Brawner: Sandra is the only sender in this thread.



<xml>

<message>



	<thread_id>143753</thread_id>



	<depth>1</depth>



	<type>ThreadNode</type>



	<message_id>1312095</message_id>

	<to name="cocob cocob" id="24307" address="cocob@pdq.net"/>

	<from name="Sandra F Brawner" id="2167" address="Sbrawne@ENRON.com"/>



	<parent_id>1117134</parent_id>



	<subject>Women</subject>



	<date_time>2001-10-30 09:37:20</date_time>



	<content>

    

M1.1. I thought I would share with you some of the E-Mails I get from my firends in the business that I am in -

[Inform: Sandra is sharing emails from work friends with recipient]

M1.2. we ladies tend to share theses with each other -

M1.3. because we work in a mans world.

[Inform: Sandra and other women share these with each other because they work in a male-dominated industry]



	</content>

</message>

</xml>

Hierarchical Power Annotation: N/A
Person_1: 
Person_2: 
Reason: 

Situational Power Annotation: N/A
Person_1: 
Person_2: 
Reason: 

Attempt at Exercising Power Annotation: N/A
DFUs: 
Person_1:
Person_2:
Type:
Successful?:
Reason: 

Influence Annotation: N/A
Person_1:
Person_2:
Reason:

Attempt at Influence Annotation:
DFUs: M1.1-M1.3
Person_1: Sandra F Brawner
Person_2: cocob cocob
Successful?: No Reply
Reason: Sandra thinks Coco should read the emails she is forwarding to her.
