91416train
Annotation for intention:

Collaboration-on-information-product: answers to offline questions, corrections to answers

Annotation for control:
Kent & Karen Pope: Karen initiates the thread and sends out the answers (which seem to be part of a forward).



<xml>

<message>



	<thread_id>91416</thread_id>



	<depth>0</depth>



	<type>ThreadNode</type>



	<message_id>841492</message_id>

	<to name="Darron C Giron" id="28206" address="Darron.C.Giron@ENRON.com"/>

	<from name="Kent & Karen Pope" id="68977" address="kwpope@pdq.net"/>



	<parent_id></parent_id>



	<subject>Answers</subject>



	<date_time>2001-05-14 03:59:00</date_time>



	<content>

    

M1.1. ignore the note below to dan--it does not to apply to you! [Y]

[Request-Action: do not read note below, because it only applies to Dan]

Flink1.1

M1.2. scan pretty far

down for answers.

[Inform-AnswerOffline: Darron should scan down the note for answers to questions presumably asked offline]

M1.3. glad we got to see carlos this weekend.

[Inform: Karen is glad to have seen Carlos over the weekend]

M1.4. have a good week

[Conventional: have a good week]

M1.5. karen

[Conventional: signature]



	</content>

</message>

<message>



	<thread_id>91416</thread_id>



	<depth>1</depth>



	<type>ThreadNode</type>



	<message_id>841488</message_id>

	<to name="Kent & Karen Pope" id="68977" address="kwpope@pdq.net"/>

	<from name="Darron C Giron" id="28206" address="Darron.C.Giron@ENRON.com"/>



	<parent_id>841492</parent_id>



	<subject>Answers</subject>



	<date_time>2001-05-14 06:22:00</date_time>



	<content>

    

M2.1. Tell Dan that a glacier moves forward, not backward. [Y]

[Inform: Karen should tell Dan that glaciers only move forward, not backwards]

M2.2. On a balk, the batter

does not advance, only the baserunners.

[Inform: explanation of a baseball term]

M2.3. But he may have a point with cricket.

[Inform: Dan might be right about something he said about cricket]

M2.4. DG

[Conventional: signature]



	</content>

</message>

</xml>

Hierarchical Power Annotation: N/A
Person_1: 
Person_2: 
Reason: 

Situational Power Annotation: N/A
Person_1: 
Person_2: 
Reason: 

Attempt at Exercising Power Annotation:
DFUs: M1.1-M1.2
Person_1: Kent & Karen Pope
Person_2: Darron C Giron
Type: Situational
Successful?: No Reply
Reason: In M1.1, Karen tells Darron to ignore the part of the email that was intended for Dan, and to look at the bottom for some answers. It is unclear whether Darron has ignored the note to Dan.

DFUs: M2.1-M2.2
Person_1: Darron C Giron
Person_2: Kent & Karen Pope
Type: Situational
Successful?: No Reply
Reason: In message 2, Darron asks Karen to tell Dan a few things, in response to whatever Karen forwarded to Darron in message 1, which was probably from Dan originally.

Influence Annotation: N/A
Person_1:
Person_2:
Reason:

Attempt at Influence Annotation: N/A
DFUs: 
Person_1:
Person_2:
Successful?:
Reason: 
