108460train
Annotation for intention:

Knowledge-Acquisition: Energy Action Report is presumably attached

Annotation for control:
Bev Hansen: Bev initiates the thread and seems to send the Energy Action Report.



<xml>

<message>



	<thread_id>108460</thread_id>



	<depth>0</depth>



	<type>ThreadNode</type>



	<message_id>532392</message_id>

	<to name="Jeff Dasovich" id="27095" address="Jeff.Dasovich@ENRON.com"/>

	<from name="Bev Hansen" id="13568" address="bhansen@lhom.com"/>



	<parent_id></parent_id>



	<subject>Energy Action Report</subject>



	<date_time>2001-07-11 12:21:00</date_time>



	<content>



	</content>

</message>

<message>



	<thread_id>108460</thread_id>



	<depth>1</depth>



	<type>ThreadNode</type>



	<message_id>532397</message_id>

	<to name="Bev Hansen" id="13568" address="bhansen@lhom.com"/>

	<from name="Jeff Dasovich" id="27095" address="Jeff.Dasovich@ENRON.com"/>



	<parent_id>532392</parent_id>



	<subject>Energy Action Report</subject>



	<date_time>2001-07-11 14:40:00</date_time>



	<content>

    

M2.1. thank you

[Conventional: thanks]



	</content>

</message>

</xml>

Hierarchical Power Annotation: N/A
Person_1: 
Person_2: 
Reason: 

Situational Power Annotation: N/A
Person_1: 
Person_2: 
Reason: 

Attempt at Exercising Power Annotation: N/A
DFUs: 
Person_1:
Person_2:
Type:
Successful?:
Reason: 

Influence Annotation: N/A
Person_1:
Person_2:
Reason:

Attempt at Influence Annotation: N/A
DFUs: 
Person_1:
Person_2:
Successful?:
Reason: 
